Workbook

Sheet 机构清单
A1: 机构代码 | B1: 机构名称 | C1: 区域
A2: HY01 | B2: 海岳银行上海分行 | C2: 华东区
A3: HY02 | B3: 海岳银行南京分行 | C3: 华东区
A4: HY03 | B4: 海岳银行杭州分行 | C4: 华东区
A5: HY04 | B5: 海岳银行苏州分行 | C5: 华东区
A6: HY05 | B6: 海岳银行宁波分行 | C6: 华东区
A7: HY06 | B7: 海岳银行合肥分行 | C7: 华东区
A8: HY07 | B8: 海岳银行北京分行 | C8: 华北区
A9: HY08 | B9: 海岳银行天津分行 | C9: 华北区
A10: HY09 | B10: 海岳银行石家庄分行 | C10: 华北区
A11: HY10 | B11: 海岳银行济南分行 | C11: 华北区
A12: HY11 | B12: 海岳银行青岛分行 | C12: 华北区
... A19: HY18 | B19: 海岳银行南宁分行 | C19: 西南区

Sheet 存款
A1: 机构代码 | B1: 年初余额（万元） | C1: 年末余额（万元） | D1: 增量（万元）
A2: HY01 | B2: 337000 | C2: 373500 | D2: =C2-B2 -> 36500
A3: HY02 | B3: 412500 | C3: 457000 | D3: =C3-B3 -> 44500
A4: HY03 | B4: 329000 | C4: 363500 | D4: =C4-B4 -> 34500
A5: HY04 | B5: 189000 | C5: 183500 | D5: =C5-B5 -> -5500
A6: HY05 | B6: 440000 | C6: 437500 | D6: =C6-B6 -> -2500
A7: HY06 | B7: 162000 | C7: 211500 | D7: =C7-B7 -> 49500
A8: HY07 | B8: 142000 | C8: 137500 | D8: =C8-B8 -> -4500
A9: HY08 | B9: 334000 | C9: 382000 | D9: =C9-B9 -> 48000
A10: HY09 | B10: 130000 | C10: 159500 | D10: =C10-B10 -> 29500
A11: HY10 | B11: 357000 | C11: 379500 | D11: =C11-B11 -> 22500
A12: HY11 | B12: 359000 | C12: 405000 | D12: =C12-B12 -> 46000
A13: HY12 | B13: 237000 | C13: 240000 | D13: =C13-B13 -> 3000
... A19: HY18 | B19: 259000 | C19: 296500 | D19: =C19-B19 -> 37500

Sheet 贷款
A1: 机构代码 | B1: 贷款余额（万元） | C1: 不良贷款余额（万元） | D1: 不良率
A2: HY01 | B2: 205000 | C2: 2028.71 | D2: =C2/B2 -> 0.0098961463
A3: HY02 | B3: 126500 | C3: 3214.75 | D3: =C3/B3 -> 0.025413043
A4: HY03 | B4: 163500 | C4: 3950.91 | D4: =C4/B4 -> 0.024164587
A5: HY04 | B5: 263500 | C5: 4224.42 | D5: =C5/B5 -> 0.016031954
A6: HY05 | B6: 273000 | C6: 5341.68 | D6: =C6/B6 -> 0.019566593
A7: HY06 | B7: 387000 | C7: 10933.78 | D7: =C7/B7 -> 0.028252661
A8: HY07 | B8: 141000 | C8: 816.21 | D8: =C8/B8 -> 0.0057887234
A9: HY08 | B9: 201500 | C9: 3490.35 | D9: =C9/B9 -> 0.017321836
A10: HY09 | B10: 206500 | C10: 3037.66 | D10: =C10/B10 -> 0.014710218
A11: HY10 | B11: 255500 | C11: 2716.77 | D11: =C11/B11 -> 0.010633151
A12: HY11 | B12: 116000 | C12: 1631.52 | D12: =C12/B12 -> 0.014064828
A13: HY12 | B13: 252000 | C13: 2297.34 | D13: =C13/B13 -> 0.0091164286
... A19: HY18 | B19: 130500 | C19: 1221.47 | D19: =C19/B19 -> 0.0093599234

Sheet 汇总
A1: 区域 | B1: 存款年末余额合计（万元） | C1: 贷款余额合计（万元） | D1: 不良贷款余额合计（万元） | E1: 不良率
A2: 华东区 | B2: =IF($A2="华东区",SUM(存款!$D$2:$D$7),IF($A2="华北区",SUM(存款!$D$8:$D$13),SUM(存款!$D$14:$D$19))) -> 157000 | C2: =IF($A2="华东区",SUM(贷款!$B$2:$B$7),IF($A2="华北区",SUM(贷款!$B$8:$B$13),SUM(贷款!$B$14:$B$19))) -> 1418500 | D2: =IF($A2="华东区",SUM(贷款!$C$2:$C$7),IF($A2="华北区",SUM(贷款!$C$8:$C$13),SUM(贷款!$C$14:$C$19))) -> 29694.25 | E2: =D2/C2 -> 0.020933557
A3: 华北区 | B3: =IF($A3="华东区",SUM(存款!$D$2:$D$7),IF($A3="华北区",SUM(存款!$D$8:$D$13),SUM(存款!$D$14:$D$19))) -> 144500 | C3: =IF($A3="华东区",SUM(贷款!$B$2:$B$7),IF($A3="华北区",SUM(贷款!$B$8:$B$13),SUM(贷款!$B$14:$B$19))) -> 1172500 | D3: =IF($A3="华东区",SUM(贷款!$C$2:$C$7),IF($A3="华北区",SUM(贷款!$C$8:$C$13),SUM(贷款!$C$14:$C$19))) -> 13989.85 | E3: =D3/C3 -> 0.011931642
A4: 西南区 | B4: =IF($A4="华东区",SUM(存款!$D$2:$D$7),IF($A4="华北区",SUM(存款!$D$8:$D$13),SUM(存款!$D$14:$D$19))) -> 115500 | C4: =IF($A4="华东区",SUM(贷款!$B$2:$B$7),IF($A4="华北区",SUM(贷款!$B$8:$B$13),SUM(贷款!$B$14:$B$19))) -> 1573500 | D4: =IF($A4="华东区",SUM(贷款!$C$2:$C$7),IF($A4="华北区",SUM(贷款!$C$8:$C$13),SUM(贷款!$C$14:$C$19))) -> 18745.99 | E4: =D4/C4 -> 0.011913562
