Workbook

Sheet 汇总
A1: 部门 | B1: 2026-01 | C1: 2026-02 | D1: 2026-03 | E1: 2026-04 | F1: 2026-05 | G1: 2026-06 | H1: 全期合计
A2: 市场部 | B2: =SUMIFS(明细!$D$2:$D$241,明细!$B$2:$B$241,$A2,明细!$A$2:$A$241,">=46023",明细!$A$2:$A$241,"<46054") -> 54629.52 | C2: =SUMIFS(明细!$D$2:$D$241,明细!$B$2:$B$241,$A2,明细!$A$2:$A$241,">=46054",明细!$A$2:$A$241,"<46082") -> 66075.08 | D2: =SUMIFS(明细!$D$2:$D$241,明细!$B$2:$B$241,$A2,明细!$A$2:$A$241,">=46082",明细!$A$2:$A$241,"<46113") -> 36168.92 | E2: =SUMIFS(明细!$D$2:$D$241,明细!$B$2:$B$241,$A2,明细!$A$2:$A$241,">=46113",明细!$A$2:$A$241,"<46143") -> 29336.03 | F2: =SUMIFS(明细!$D$2:$D$241,明细!$B$2:$B$241,$A2,明细!$A$2:$A$241,">=46143",明细!$A$2:$A$241,"<46174") -> 39995.28 | G2: =SUMIFS(明细!$D$2:$D$241,明细!$B$2:$B$241,$A2,明细!$A$2:$A$241,">=46174",明细!$A$2:$A$241,"<46204") -> 56581.79 | H2: =SUM(B2:G2) -> 282786.62
A3: 研发部 | B3: =SUMIFS(明细!$D$2:$D$241,明细!$B$2:$B$241,$A3,明细!$A$2:$A$241,">=46023",明细!$A$2:$A$241,"<46054") -> 95462.54 | C3: =SUMIFS(明细!$D$2:$D$241,明细!$B$2:$B$241,$A3,明细!$A$2:$A$241,">=46054",明细!$A$2:$A$241,"<46082") -> 61806.19 | D3: =SUMIFS(明细!$D$2:$D$241,明细!$B$2:$B$241,$A3,明细!$A$2:$A$241,">=46082",明细!$A$2:$A$241,"<46113") -> 22925.03 | E3: =SUMIFS(明细!$D$2:$D$241,明细!$B$2:$B$241,$A3,明细!$A$2:$A$241,">=46113",明细!$A$2:$A$241,"<46143") -> 23659.29 | F3: =SUMIFS(明细!$D$2:$D$241,明细!$B$2:$B$241,$A3,明细!$A$2:$A$241,">=46143",明细!$A$2:$A$241,"<46174") -> 60118.79 | G3: =SUMIFS(明细!$D$2:$D$241,明细!$B$2:$B$241,$A3,明细!$A$2:$A$241,">=46174",明细!$A$2:$A$241,"<46204") -> 31974.73 | H3: =SUM(B3:G3) -> 295946.57
A4: 行政部 | B4: =SUMIFS(明细!$D$2:$D$241,明细!$B$2:$B$241,$A4,明细!$A$2:$A$241,">=46023",明细!$A$2:$A$241,"<46054") -> 33354.2 | C4: =SUMIFS(明细!$D$2:$D$241,明细!$B$2:$B$241,$A4,明细!$A$2:$A$241,">=46054",明细!$A$2:$A$241,"<46082") -> 44852.61 | D4: =SUMIFS(明细!$D$2:$D$241,明细!$B$2:$B$241,$A4,明细!$A$2:$A$241,">=46082",明细!$A$2:$A$241,"<46113") -> 42380.08 | E4: =SUMIFS(明细!$D$2:$D$241,明细!$B$2:$B$241,$A4,明细!$A$2:$A$241,">=46113",明细!$A$2:$A$241,"<46143") -> 30454.7 | F4: =SUMIFS(明细!$D$2:$D$241,明细!$B$2:$B$241,$A4,明细!$A$2:$A$241,">=46143",明细!$A$2:$A$241,"<46174") -> 23430.9 | G4: =SUMIFS(明细!$D$2:$D$241,明细!$B$2:$B$241,$A4,明细!$A$2:$A$241,">=46174",明细!$A$2:$A$241,"<46204") -> 33756.86 | H4: =SUM(B4:G4) -> 208229.35
A5: 财务部 | B5: =SUMIFS(明细!$D$2:$D$241,明细!$B$2:$B$241,$A5,明细!$A$2:$A$241,">=46023",明细!$A$2:$A$241,"<46054") -> 92034.57 | C5: =SUMIFS(明细!$D$2:$D$241,明细!$B$2:$B$241,$A5,明细!$A$2:$A$241,">=46054",明细!$A$2:$A$241,"<46082") -> 64472.49 | D5: =SUMIFS(明细!$D$2:$D$241,明细!$B$2:$B$241,$A5,明细!$A$2:$A$241,">=46082",明细!$A$2:$A$241,"<46113") -> 60436.04 | E5: =SUMIFS(明细!$D$2:$D$241,明细!$B$2:$B$241,$A5,明细!$A$2:$A$241,">=46113",明细!$A$2:$A$241,"<46143") -> 71407.62 | F5: =SUMIFS(明细!$D$2:$D$241,明细!$B$2:$B$241,$A5,明细!$A$2:$A$241,">=46143",明细!$A$2:$A$241,"<46174") -> 37638.32 | G5: =SUMIFS(明细!$D$2:$D$241,明细!$B$2:$B$241,$A5,明细!$A$2:$A$241,">=46174",明细!$A$2:$A$241,"<46204") -> 61098.06 | H5: =SUM(B5:G5) -> 387087.1
A6: 销售部 | B6: =SUMIFS(明细!$D$2:$D$241,明细!$B$2:$B$241,$A6,明细!$A$2:$A$241,">=46023",明细!$A$2:$A$241,"<46054") -> 76290.05 | C6: =SUMIFS(明细!$D$2:$D$241,明细!$B$2:$B$241,$A6,明细!$A$2:$A$241,">=46054",明细!$A$2:$A$241,"<46082") -> 56311.36 | D6: =SUMIFS(明细!$D$2:$D$241,明细!$B$2:$B$241,$A6,明细!$A$2:$A$241,">=46082",明细!$A$2:$A$241,"<46113") -> 43238.75 | E6: =SUMIFS(明细!$D$2:$D$241,明细!$B$2:$B$241,$A6,明细!$A$2:$A$241,">=46113",明细!$A$2:$A$241,"<46143") -> 51816.49 | F6: =SUMIFS(明细!$D$2:$D$241,明细!$B$2:$B$241,$A6,明细!$A$2:$A$241,">=46143",明细!$A$2:$A$241,"<46174") -> 46669 | G6: =SUMIFS(明细!$D$2:$D$241,明细!$B$2:$B$241,$A6,明细!$A$2:$A$241,">=46174",明细!$A$2:$A$241,"<46204") -> 30738.57 | H6: =SUM(B6:G6) -> 305064.22
A7: 合计 | B7: =SUM(B2:B6) -> 351770.88 | C7: =SUM(C2:C6) -> 293517.73 | D7: =SUM(D2:D6) -> 205148.82 | E7: =SUM(E2:E6) -> 206674.13 | F7: =SUM(F2:F6) -> 207852.29 | G7: =SUM(G2:G6) -> 214150.01 | H7: =SUM(H2:H6) -> 1479113.9
A9: 金额由公式引用明细表计算；日期条件使用 Excel 日期序列值。

Sheet 明细
A1: 日期 | B1: 部门 | C1: 类别 | D1: 金额（元） | E1: 经办人
A2: 46030 | B2: 财务部 | C2: 培训 | D2: 10544.29 | E2: 王敏
A3: 46098 | B3: 市场部 | C3: 办公 | D3: 4828.42 | E3: 王敏
A4: 46109 | B4: 销售部 | C4: 差旅 | D4: 8867.5 | E4: 李强
A5: 46126 | B5: 市场部 | C5: 软件 | D5: 7990.9 | E5: 王敏
A6: 46092 | B6: 行政部 | C6: 培训 | D6: 7698.58 | E6: 陈静
A7: 46150 | B7: 研发部 | C7: 招待 | D7: 7363.17 | E7: 孙悦
A8: 46159 | B8: 行政部 | C8: 软件 | D8: 3772.14 | E8: 赵磊
A9: 46097 | B9: 市场部 | C9: 差旅 | D9: 81.5 | E9: 李强
A10: 46046 | B10: 研发部 | C10: 办公 | D10: 1508.31 | E10: 王敏
A11: 46113 | B11: 研发部 | C11: 培训 | D11: 370.1 | E11: 李强
A12: 46090 | B12: 市场部 | C12: 办公 | D12: 7097.57 | E12: 赵磊
A13: 46078 | B13: 行政部 | C13: 办公 | D13: 4567.32 | E13: 李强
... A241: 46054 | B241: 财务部 | C241: 软件 | D241: 1030.98 | E241: 赵磊
A242: 合计 | D242: =SUM(D2:D241) -> 1479113.9
